videoWebUrl,comment_count,avg_comment_sentiment,top_positive_sentiment,top_positive_text,top_positive_time,top_negative_sentiment,top_negative_text,top_negative_time,neutral_sentiment,neutral_text,neutral_time
https://www.tiktok.com/@ufogirly/video/7570937383823150349,25,0.672136,0.9738,Wow! 💙💙💙✨✨✨,2025-11-10T03:53:45.000Z,0.0,Are they angels?,2025-11-10T06:19:13.000Z,0.0,Are they angels?,2025-11-10T06:19:13.000Z
https://www.tiktok.com/@cryptidclips7/video/7569003418698648863,14,0.5655714285714286,0.9859,😂😂😂😂😂😂😂😂😂😂😂😂,2025-11-05T05:06:10.000Z,0.0,el pool,2025-11-08T04:42:24.000Z,0.0,el pool,2025-11-08T04:42:24.000Z
https://www.tiktok.com/@the_ai_experiment/video/7342569336273653038,25,0.5330360000000001,0.9716,🥰🥰🥰,2024-04-05T11:47:21.000Z,0.0,It’s real,2024-03-05T16:30:43.000Z,0.0,It’s real,2024-03-05T16:30:43.000Z
https://www.tiktok.com/@fright_feed/video/7245666741462846762,7,0.4604571428571429,0.891,😂😂😂😂,2023-06-26T05:15:10.000Z,0.0,Between the truck and the tractor or forklift whatever that is . It’s head moves,2023-06-18T03:41:40.000Z,0.0,Between the truck and the tractor or forklift whatever that is . It’s head moves,2023-06-18T03:41:40.000Z
https://www.tiktok.com/@thebstv/video/7444024600314301738,25,0.45854,0.9819,😂😂😂😂😂😂😂😂😂😂 I’m dead bro love it!!!!!,2024-12-03T15:22:45.000Z,-0.9118,😭😭😭😭😭😂,2024-12-03T07:10:21.000Z,-0.0516,Brandon gone 😂😭,2024-12-03T05:42:29.000Z
https://www.tiktok.com/@spookychill/video/7568432123078708503,6,0.4317999999999999,0.9153,🤣🤣🤣🤣,2025-11-03T13:06:36.000Z,0.0,🙏,2025-11-10T23:34:59.000Z,0.0,🙏,2025-11-10T23:34:59.000Z
https://www.tiktok.com/@grabbedbyaliens/video/7283241760325766442,3,0.3895333333333333,0.8074,🥰,2025-10-19T12:53:07.000Z,0.0,😝😝😝,2025-10-24T11:08:49.000Z,0.0,😝😝😝,2025-10-24T11:08:49.000Z
https://www.tiktok.com/@grumbo28/video/7563766547525733646,25,0.371716,0.9716,🥰🥰🥰,2025-10-24T08:00:13.000Z,-0.3182,"with all that AI to deceive us no one will going to believe the coming back of our Lord savior Jesus ,that's why God say even the elect will be deceived , people of God watch and pray",2025-11-01T02:41:42.000Z,0.0,Ai,2025-10-25T00:30:52.000Z
https://www.tiktok.com/@skinwalker.bench/video/7495011011796159766,25,0.369124,0.9619,😂😂😂😂😂 jajaja la IA 👌,2025-04-19T19:26:21.000Z,-0.296,No les causen daño,2025-06-05T23:13:40.000Z,0.0,my cat,2025-08-04T11:55:17.000Z
https://www.tiktok.com/@horror.stories4599/video/7567506104565927182,1,0.3612,0.3612,😅,2025-11-10T01:31:36.000Z,0.3612,😅,2025-11-10T01:31:36.000Z,0.3612,😅,2025-11-10T01:31:36.000Z
https://www.tiktok.com/@justcoolin1of1/video/7570918341951507726,14,0.3498714285714285,0.7906,Interesting. Thank you for sharing.,2025-11-11T05:34:02.000Z,0.0,That’s ufo fs,2025-11-10T17:22:54.000Z,0.0,That’s ufo fs,2025-11-10T17:22:54.000Z
https://www.tiktok.com/@deadtee_shop/video/7452406992636742954,25,0.342024,0.9716,🥰🥰🥰,2024-12-28T15:07:51.000Z,0.0,"Where you are at ?
1) 🚽🤳
2) 🛌🤳
3) 🛋️🤳
4) 🪑📱
5)🚗📱",2025-01-06T23:12:38.000Z,0.0,"Where you are at ?
1) 🚽🤳
2) 🛌🤳
3) 🛋️🤳
4) 🪑📱
5)🚗📱",2025-01-06T23:12:38.000Z
https://www.tiktok.com/@jckustomzco/video/7447582325195623726,25,0.3394079999999999,0.9716,🥰🥰🥰,2024-12-14T13:08:13.000Z,-0.7556,Stupid!! 🙄 This is why they should definitely Ban TikTok!!,2024-12-14T17:16:40.000Z,0.0,You never see anything,2024-12-16T04:14:06.000Z
https://www.tiktok.com/@elizavetaaleksandrovna/video/7421872948203490603,25,0.320744,0.8271,😂😂😂,2025-09-15T02:11:39.000Z,-0.8359,"student film project??? I'm SO tired of AI , it's annoying",2025-09-24T05:43:38.000Z,0.0,It’s bedazzle,2025-08-25T02:08:47.000Z
https://www.tiktok.com/@alienimpact/video/7570813811922373910,23,0.3044719999999999,0.969,is this your village creater?😂😂😂😂😂😂😂😂,2025-11-11T23:12:17.000Z,-0.296,Bro looking for his missing shadow,2025-11-12T01:01:22.000Z,0.0,Forgot the shadow,2025-11-16T08:41:58.000Z
https://www.tiktok.com/@user3984946815130/video/7561711457650412820,10,0.30401,0.9468,alien: hi baby 😁😁😁😘😘😘,2025-11-19T07:02:21.000Z,0.0,sora,2025-10-19T13:09:39.000Z,0.0,sora,2025-10-19T13:09:39.000Z
https://www.tiktok.com/@cienciavideos/video/7571186683660733719,25,0.298808,0.9231,big fan ☺️😊☺️,2025-11-20T21:47:32.000Z,0.0,como se llama esa película la quiero ver,2025-11-19T21:03:09.000Z,0.0,como se llama esa película la quiero ver,2025-11-19T21:03:09.000Z
https://www.tiktok.com/@maggie.m0rris/video/7532705374231727391,24,0.292684,0.9429,Best ending ever!!!!🤣🤣🤣,2025-07-30T21:29:01.000Z,-0.8519,I WAS LOCKED IN 💀💀💀😭😭😭,2025-07-31T18:36:11.000Z,0.0,Off topic but that lightning doesn’t look normal,2025-08-02T03:44:50.000Z
https://www.tiktok.com/@dailydoseofslop/video/7568746948006513975,16,0.2856722222222222,0.9423,😂😂😂😂aliens 👽 just disoriented because they don't know the location 😂😂😂😂,2025-11-04T12:54:39.000Z,0.0,They are here for the extended warranty!,2025-11-13T14:48:57.000Z,0.0,They are here for the extended warranty!,2025-11-13T14:48:57.000Z
https://www.tiktok.com/@magicmetamorph/video/7571206162159357206,6,0.2536666666666666,0.8225,Wow wow What's that 👍👍👍❤️❤️❤️,2025-11-10T21:09:56.000Z,-0.8225,most people wouldn't stay outside recording this is why people die first in horror films,2025-11-11T22:02:41.000Z,0.0,whats your location...near water?,2025-11-21T07:12:27.000Z
https://www.tiktok.com/@eshitaanieshi/video/7570675126534950175,17,0.2532470588235294,0.9716,🥰🥰🥰,2025-11-11T03:46:17.000Z,0.0,He meant 72 months.,2025-11-11T03:27:49.000Z,0.0,He meant 72 months.,2025-11-11T03:27:49.000Z
https://www.tiktok.com/@andreitasfinds/video/7482090931844549934,25,0.2511,0.9393,🥰🥰 teamwork,2025-05-01T02:01:41.000Z,-0.4019,Just report the damn video already,2025-05-02T05:44:08.000Z,0.0,wat r u smoking,2025-03-18T14:57:15.000Z
https://www.tiktok.com/@topcatdasupervillain/video/7560863394878835998,25,0.247312,0.8779,Galactic federation all around the earth 🙏✨🛸✨💙✨🌎,2025-10-14T12:37:24.000Z,-0.296,Where’s space x getting so much rocket money there’s no way that many rockets are space x,2025-10-14T04:24:40.000Z,0.0,I saw it at Deerfield Beach FL at 7:30 today. It’s real footage!!!,2025-10-14T02:13:53.000Z
https://www.tiktok.com/@snoozi_/video/7567213262295616782,24,0.242424,0.9698,"What year is this?! 🤣🤣🤣 its so pixelated, I thought we've got good camera nowadays🤣🤣🤣",2025-11-12T17:00:50.000Z,-0.6557,really. these are crisis actors. who jogs out,2025-11-01T11:13:26.000Z,0.0,AI,2025-11-04T02:08:29.000Z
https://www.tiktok.com/@seeingbeyondtheveil999/video/7563550994492149006,25,0.232928,0.91,it the EL THE MOST HIGH FATHER AND MOTHER 🌹🌹🌹😎💜✨😁💪💪💪,2025-11-13T00:35:30.000Z,-0.8225,🔥🔥🔥🔥,2025-10-21T13:13:54.000Z,0.0,Project bluebeam,2025-11-19T11:11:27.000Z
https://www.tiktok.com/@usa.truehistory/video/7571131722327166222,22,0.23128,0.9716,🥰🥰🥰,2025-11-13T03:08:49.000Z,-0.7783,"📡 Señal de radio confirmadaEl radiotelescopio MeerKAT en Sudáfrica detectó una señal en 1665 y 1667 MHz el 24 de octubre de 2025, justo antes del perihelio del cometa.La señal corresponde a radicales hidroxilo (OH), típicos de cometas que liberan agua, pero la intensidad y el momento han generado especulación sobre su origen.Avi Loeb, profesor de Harvard, confirmó que el evento es “sin precedentes” y pidió que se investigue sin prejuicios.☄️Siete chorros activosEl 8 de noviembre de 2025, astrónomos como Michael Jäger, Gerald Rhemann y Emiliano Prosperi captaron imágenes del cometa mostrando siete chorros de gas saliendo en distintas direcciones.Las imágenes fueron tomadas con filtros RGB y muestran una estructura compleja que no se comporta como un cometa común.🛡️Defensa planetaria activadaLa NASA activó protocolos de defensa planetaria ante la trayectoria y comportamiento del cometa.La señal de radio mostró regularidad, y algunos investigadores consideran que no puede atribuirse al azar.Se ha pedido que se liberen imágenes captadas por sondas como el Mars Reconnaissance Orbiter, lo que sugiere que hay más información no divulgada.",2025-11-11T08:42:16.000Z,0.0,Plastic into gasoline,2025-11-12T18:15:13.000Z
https://www.tiktok.com/@virtmedia.films/video/7504862766210010410,25,0.223072,0.9872,🥰🥰🥰🥰 bienvenido no tenga miedo son amigos bienvenida tierra 😊🌍,2025-05-27T00:22:12.000Z,-0.5574,"aca los que vimos alguna vez un ovni o nave nodriza, yo vi uno cuando aun era niño 11 años. en un fundo de mi chacra. recuerdo sobre la copa de un árbol inmenso. yo jalaba Café de las plantas y cuando alze la vista oara hacer agachar la rama de café, pues sobre la copa del árbol. paso una inmensa Nave nodriza de color óxido toda su base. era como empaquetaduras de Carro y lo curioso que sin ruido nada.solo una inmensa sombra",2025-05-30T18:54:06.000Z,0.0,those eyes hold the universe within them ❤️,2025-05-19T09:04:25.000Z
https://www.tiktok.com/@eytan.beau/video/7571302720972328223,25,0.217156,0.891,AI ATLAS 😂😂😂😂,2025-11-12T15:15:41.000Z,-0.6113,"Guys I’m telling you, The Silent Dominion by Damian Cross is not just another “truth” book. It literally explains why the world feels so fake right now.",2025-11-11T21:26:22.000Z,0.0,Lottery numbers yall,2025-11-11T19:24:00.000Z
https://www.tiktok.com/@alexanderhelbert/video/7568512269315771655,25,0.216564,0.7906,"So magical, they are here and they come in love💜🔥",2025-11-14T03:42:57.000Z,-0.34,Woooooowwww the faces 😳😳😳😳 that’s crazy,2025-11-07T16:42:59.000Z,0.0,so you don't see the face in the opening,2025-11-04T18:43:40.000Z
https://www.tiktok.com/@beyondearth_llc/video/7571183169341312286,25,0.214388,0.9786,"🤣😂🤣Depends on which ""Extra"" you may refer to when you mention Terra-(UnSubmerged Land)... Intelligent Chess for fun, like Trading Places with Eddie Murphy. 🤣🤣🤣 By bad🤣🤣",2025-11-10T20:37:32.000Z,-0.296,💯💯especially if this was a tropical/nature/trees woods forest no real roads to drive so they had to fly😉,2025-11-11T12:21:31.000Z,0.0,"OMG! Go watch Cloud Atlas, this makes sense",2025-11-10T19:46:25.000Z
https://www.tiktok.com/@mind_blown_ufo/video/7483294355730484502,25,0.2109639999999999,0.9709,well that's very disappointing 😂😂😂😂😂😂😂😂😂,2025-03-19T09:21:56.000Z,-0.6948,"Seriously do they really use lights to make a stealth flyby?
I get so tired🥺",2025-03-19T06:38:56.000Z,0.0,"a mother ship would be MASSIVE, larger than some cities 🙏",2025-03-19T20:37:34.000Z
https://www.tiktok.com/@sybervisions_/video/7454549599106223368,25,0.204648,0.9468,Ufos landen grundsätzlich nur in Amerika.😂😂😂😂😂😂,2025-01-01T08:18:19.000Z,-0.4767,every body know if it's fake..,2024-12-31T22:21:27.000Z,0.0,It not alien it’s government made,2025-01-01T06:08:11.000Z
https://www.tiktok.com/@magicmetamorph/video/7544012513420119319,24,0.202284,0.9153,Star Trek.🤣🤣🤣🤣,2025-08-31T19:25:43.000Z,-0.3612,Difficult to believe they were that close🤔,2025-09-02T14:34:56.000Z,0.0,Thought that was the starship enterprise,2025-11-07T20:59:29.000Z
https://www.tiktok.com/@visitantesufo/video/7497975843805744390,25,0.198276,0.9747,lol this is to funny🤣🤣🤣🤣🤣🤣 age gone get people to believe this,2025-06-04T19:28:34.000Z,-0.5106,"y'all calm as hell, y'all must see these thing all the time....",2025-05-30T14:58:42.000Z,0.0,The spaceship isnt blinking on the phone in front of her,2025-05-31T15:58:26.000Z
https://www.tiktok.com/@roger.ray5/video/7570532186076548366,25,0.195504,0.8553,Wow! All the way from another dimension and they were nice enough to use red and green flashing lights just like all commercial planes on planet earth currently use,2025-11-20T11:43:59.000Z,-0.631,"yall think this is rare, but rez ppl think ts normal 😭",2025-11-11T00:18:02.000Z,0.0,it's just the military,2025-11-09T17:25:59.000Z
https://www.tiktok.com/@ufosundlichtschiff/video/7450083906021330198,25,0.18932,0.9001,Einfach mal ne kleine Flug Drohne ha ha ha sehr lustig 😂😂,2024-12-22T20:16:01.000Z,-0.4898,Ma! There’s a stray ufo out here! I don’t want it starting a fight with Lucy!,2024-12-24T06:22:17.000Z,0.0,That’s a sketchers sneaker,2024-12-22T19:14:29.000Z
https://www.tiktok.com/@polloai0111/video/7502008498163633451,25,0.187412,0.9113,"😩Sad thing is we have become so numb to stuff, his appearance means nothing at all. 😆😂🤣🤣🤣🤣🤣",2025-05-24T06:13:07.000Z,-0.34,can’t blame him,2025-05-11T14:34:59.000Z,0.0,"that's what was at the mall in Miami, last year",2025-11-12T06:08:44.000Z
https://www.tiktok.com/@synystershot/video/7321008254274866475,25,0.186728,0.9042,Thanks that’s strange to watch but awesome to see 😎,2024-01-06T15:45:41.000Z,0.0,And we still have to go to work tomorrow,2024-01-07T13:35:35.000Z,0.0,And we still have to go to work tomorrow,2024-01-07T13:35:35.000Z
https://www.tiktok.com/@bluesky4everandever/video/7433655062104280366,25,0.181448,0.9468,😳🥰🥰🥰Great video ignore the neighsayers they just can't see!,2025-10-16T03:57:15.000Z,-0.4019,Is a yall have a vivid imagination or I'm just plain Blind. I didn't see a thing.,2024-11-05T10:33:06.000Z,0.0,nope don't see anything,2024-11-06T20:05:53.000Z
https://www.tiktok.com/@sundaycooltee/video/7539940937129102614,22,0.1809839999999999,0.8402,😁😁😁,2025-09-25T09:45:31.000Z,0.0,If aliens are real where’s the zombies they have to be real too right?,2025-10-22T16:37:28.000Z,0.0,If aliens are real where’s the zombies they have to be real too right?,2025-10-22T16:37:28.000Z
https://www.tiktok.com/@ufoevt/video/7528383738351422722,25,0.1798,0.8625,Disney 100% 🤣🤣🤣,2025-07-20T14:53:56.000Z,-0.91,The camera was too shaky to be AI 😱😱,2025-07-19T04:45:20.000Z,0.0,Is the burning object a mother ufo and the orbiting satellites are baby ufos?,2025-07-18T13:05:37.000Z
https://www.tiktok.com/@prosper1999/video/7437257301783792938,24,0.1760239999999999,0.9274,💜💜💜,2025-03-21T16:09:14.000Z,-0.5255,"that's fake, I made this video on my PC!",2024-12-04T19:43:35.000Z,0.0,🥺🥺🥺,2025-02-22T14:01:06.000Z
https://www.tiktok.com/@joshmacmusic/video/7326599089020357918,25,0.1701639999999999,0.8402,😁😁😁,2024-12-15T05:59:08.000Z,-0.34,It just looks like someone in the mountains abt to die,2024-06-01T18:26:52.000Z,0.0,If only they had the Samsung Galaxy 10000000x zoom,2024-01-21T23:16:54.000Z
https://www.tiktok.com/@viralwrldd/video/7465490258751212842,25,0.165808,0.937,tik tok is like national enquirer!! it is hilarious. and you don't have to go to the grocery store to read it. 🤣🤣🤣,2025-02-10T12:48:05.000Z,-0.5859,Surveillance cams don’t have fake camera shake,2025-02-21T13:49:35.000Z,0.0,"That’s Stewart Swerdlow, this video has been on the internet for years.",2025-02-12T05:50:49.000Z
https://www.tiktok.com/@viralnation138/video/7495038804374375710,25,0.1632399999999999,0.7506,"the big one is what I call a sparkler. looks exactly the same although stationary up in the sky disguised as a star but way too close and the red and the blue always stood out. 2001. could finally get up close because of a Sony camcorder 990x. these things stood out in the horizons, any night of the week I could go out and find one. even on a cloudy night sometimes they would shine through. I quit trying to get people's attention look at the sky now. camcorder wore out in 2003..lol. guess these things are coming down. but there's no reflection even when these things were sitting in the sky they would throw out those lights like it's doing right now and it would light up the sky literally light up a back drop. like anything else is hard to explain these kind of things but thank you so much. whether this is real or not somebody knows what they look like",2025-11-10T04:09:37.000Z,-0.296,It's reflecting off of the deck. Then the other one cuts a cloud in half. 🤔,2025-08-25T15:39:39.000Z,0.0,“She was a fairy” 🧚,2025-06-15T15:55:14.000Z
https://www.tiktok.com/@tony08k0/video/7571425877590920503,5,0.16032,0.4404,Cause ITS nearby ? 😳😂,2025-11-11T11:24:47.000Z,0.0,Dos Greer believe the moon landing was real?,2025-11-11T13:06:00.000Z,0.0,Dos Greer believe the moon landing was real?,2025-11-11T13:06:00.000Z
https://www.tiktok.com/@alienmysteries/video/7417159236934749473,25,0.159152,0.9721,"""RODGER""? Is that you? IYKYK!🤣🤣🤣🤣🤣🤣🤣",2024-09-21T21:48:10.000Z,-0.5267,Have him join 😞 he looks lonely,2024-09-21T22:26:07.000Z,0.0,"telekinetic voices? telekinesis is movement of things , telepathy would be the correct term",2024-09-22T01:40:31.000Z
https://www.tiktok.com/@billyfx/video/7012388367610465542,25,0.15756,0.9716,đẹp quá.. ước gì dc lên con tàu đó làm dthành viên 🥰🥰🥰,2021-10-16T12:01:00.000Z,-0.8573,they are going to use holographic shit ufos to scare us beaming people up like rapture but don't be afraid of pheldians etc reptilian gov elite r evil,2021-10-01T03:12:28.000Z,0.0,"guys, believe me that aircraft is real 100%",2021-09-29T03:49:05.000Z
https://www.tiktok.com/@incognitogamingtv/video/7569551216565357854,15,0.1553933333333333,0.7712,Wow! 😲,2025-11-07T19:12:00.000Z,0.0,that's not normal at all,2025-11-06T20:27:43.000Z,0.0,that's not normal at all,2025-11-06T20:27:43.000Z
https://www.tiktok.com/@mikes_killer_fish/video/7569481778394565918,25,0.1553719999999999,0.9517,😊😊😊,2025-11-18T03:37:36.000Z,-0.9468,😱😱😱,2025-11-19T06:35:08.000Z,0.0,3rd different angle I’ve seen so far,2025-11-17T05:16:34.000Z
https://www.tiktok.com/@uapbrand/video/7106528680213548330,24,0.154112,0.8779,"masa sih
17-08-2065　 Balas 　 　 　 ♥100.5k
　　　
● 𝓑𝓮𝓪💗
kamu dari masa depan",2025-11-08T01:52:27.000Z,-0.6408,skunkworks what the FUCK are you guys up to?,2025-09-12T15:06:47.000Z,0.0,what is the rough terrain below? is it water?,2025-09-11T14:03:16.000Z
https://www.tiktok.com/@jelenaremi/video/7570053633438485773,25,0.153336,0.9513,"BE A
NEW AND DIFFERENT PERSON. JUST LIKE YOU'VE NEVER SEEN A TREE LIKE THAT! 🌹🙏❤😊",2025-11-12T06:00:20.000Z,-0.5423,Matrix bad loading,2025-11-11T07:03:46.000Z,0.0,it's the shadow from a windmill or turbine 👍,2025-11-10T01:27:35.000Z
https://www.tiktok.com/@talking_to_a_idiot/video/7373300628459670815,25,0.151588,0.9081,🤣🤣🤣 nice 🪁,2024-05-28T04:36:58.000Z,-0.4019,That’s a damn kite 🪁,2024-07-03T22:08:12.000Z,0.0,e,2024-05-27T03:26:32.000Z
https://www.tiktok.com/@creepytales100/video/7468149352117210414,25,0.151496,0.9466,lol 🤔🤔🤔 UAP are so amazing that they change the plane four different times 😂😂😂,2025-02-21T04:26:42.000Z,-0.6204,why is bro shaking the cam so much😭🙏,2025-03-23T06:06:20.000Z,0.0,Al,2025-03-02T13:18:19.000Z
https://www.tiktok.com/@billyfx/video/7072177424200666411,25,0.14886,0.9584,calm down people it's only a training experiment no need to panic 😂😂😂😂😂😂😂😂,2022-03-08T20:48:07.000Z,-0.7088,What the hell is even that!,2025-01-21T06:06:21.000Z,0.0,tell me it’s ai,2025-08-24T16:38:52.000Z
https://www.tiktok.com/@ufomedia/video/7248323844992142638,25,0.147268,0.9895,🥰🥰🥰🥰🥰,2023-06-27T21:50:40.000Z,-0.6093,FAKE!!!,2023-06-28T12:01:19.000Z,0.0,But but afraid of Russia,2023-06-26T04:24:52.000Z
https://www.tiktok.com/@rueclips/video/7347901745239985454,25,0.145232,0.969,Elon headed to Jupiter to stay in his condo this weekend 😂😂😂😂😂😂😂😂,2024-03-24T13:48:10.000Z,-0.4767,fake it was her flashlite,2024-03-19T16:08:04.000Z,0.0,"I'm in Ash Fork, it's the space launch",2024-03-19T03:04:01.000Z
https://www.tiktok.com/@pampoenwurm/video/7330619987821907206,21,0.1447391304347826,0.8271,😂😂😂,2025-10-30T15:36:03.000Z,-0.3612,h3ll nag bye,2024-03-14T16:29:31.000Z,0.0,To ja,2025-07-25T15:40:31.000Z
https://www.tiktok.com/@davidfulcrum2025/video/7562211258053758263,24,0.144184,0.8253,"Has anyone else started to see random single flashes of bright light in the night sky? I've been seeing them for the last 6 months or so, assumed it was my eyesight. A few nights ago husband and I were stargazing, and he said 'another flash' at the same time I saw one. Turns out he's been seeing them too.
They are single bright flashes of light in the night sky. They flash only once. I will see dozens if I drive out to a darker sky area for a couple hours. I still see them a couple times a week in the city, with all the light pollution.
Does anyone know what this is? I am thinking it might be a natural phenomenon. I just wonder why I didn't see them until this year.",2025-10-19T17:34:15.000Z,-0.7269,Yeah They definitely moving around and who ever tries disputed is just denial. 💯💯💯💯🔥🔥🔥🔥,2025-10-18T21:57:56.000Z,0.0,The triangle craft are ours,2025-10-19T16:09:26.000Z
https://www.tiktok.com/@biannncaa13/video/7473687840770116907,25,0.143596,0.9413,You guys are idiots I love you 😂😂😂😂,2025-02-21T15:48:55.000Z,-0.8519,that a Balloon😭😭😭,2025-05-18T20:15:16.000Z,0.0,"Bro, that’s a balloon",2025-10-18T01:54:43.000Z
https://www.tiktok.com/@callie_dixon/video/7556127989243678007,23,0.13844,0.9186,I love a good conspiracy but this happens when it’s super hot outside 🤣 it’s called a mirage,2025-10-01T15:11:36.000Z,-0.6113,"Guys I’m telling you, The Silent Dominion by Damian Cross is not just another “truth” book. It literally explains why the world feels so fake right now.",2025-11-07T11:37:04.000Z,0.0,You’re seeing heatwaves,2025-10-03T05:58:18.000Z
https://www.tiktok.com/@user2779475704599/video/7571406800298315039,5,0.1363,0.4404,Breaking new. It’s all BS. 😂,2025-11-11T14:24:21.000Z,0.0,I never heard of any comet that can get that close to the sun and travel without gravity,2025-11-11T13:34:39.000Z,0.0,I never heard of any comet that can get that close to the sun and travel without gravity,2025-11-11T13:34:39.000Z
https://www.tiktok.com/@rescueaixtreme/video/7566330380803149058,24,0.134176,0.7717,Watch carefully when it backs up in through the door 🤣🤣😉,2025-10-31T23:04:56.000Z,-0.6792,AI is to confuse us!! You can't tell what's real or fake.,2025-10-31T15:20:08.000Z,0.0,Who just leaves their front door 🚪 just hanging wide open???,2025-10-30T21:07:18.000Z
https://www.tiktok.com/@itscinnamon24/video/7506722004230262046,24,0.133592,0.891,Bro that’s a spot light💀💀💀 and it’s funny cause people who owns spot light does that on purpose cause they know people gonna say it’s ufo 😂😂😂,2025-06-07T14:45:20.000Z,-0.6261,That’s not a ufo or nothing like that.. the government and scientist are hiding heavy metals in the sky to block out the sun and create clouds in the sky. And the reason for the floods are happening because of earth is speeding up and time isn’t real.,2025-07-15T11:42:50.000Z,0.0,That’s a big ufo,2025-05-31T00:12:12.000Z
https://www.tiktok.com/@sicwititbigd/video/7200604500640664878,25,0.1331959999999999,0.7263,It’s a dash board brooo! 😂😂,2023-02-27T03:21:34.000Z,-0.6249,Why y’all mad he was hiding the phone who tf fell like going missing by the government,2024-05-19T09:53:24.000Z,0.0,the camera man had one job literally,2023-02-23T10:38:56.000Z
https://www.tiktok.com/@nunchakusdragon/video/7492519213421038891,25,0.132904,0.8271,don't show this to anybody 😂😂😂,2025-05-29T01:58:00.000Z,-0.296,"these people game to your house and asked a bunch of questions ❓
how did they no where you lived or knew you had this clip . now tell us what you filmed",2025-04-24T13:38:54.000Z,0.0,"First, don’t show it to anyone….",2025-04-12T20:31:32.000Z
https://www.tiktok.com/@expenzive_taste/video/7571098346153168159,25,0.1313959999999999,0.9337,Taking pictures 😂😂😂🤣🤣 how people come up with that,2025-11-10T18:39:14.000Z,-0.8271,The only thing that creeps me out is having to still work pay all these bills and be controlled by these reptilians and evil people in the government that want to steal your soul,2025-11-11T14:00:57.000Z,0.0,Who else just found out what a periscope was???,2025-11-11T02:27:07.000Z
https://www.tiktok.com/@donceri/video/7385780137184202030,25,0.1303919999999999,0.7003,literal birthday balloon 😂😂,2024-08-02T12:29:37.000Z,-0.4895,wouldn't matter if the ship landed downtown NY and aliens walked out people still would say it's fake,2024-08-02T13:17:12.000Z,0.0,Texting and flying huh 🤔,2024-08-06T01:10:42.000Z
https://www.tiktok.com/@ufonomenon/video/7569680568904912150,22,0.129768,0.9432,🤣🤣🤣🤣🤣 sabes que le pasaría si la toca ... humanossss,2025-11-12T13:55:28.000Z,-0.6625,Real UFOs have no WELD SPOTS OR RIVITS. ONLY SEAMLESS METAL. NO PANELS!,2025-11-13T04:26:04.000Z,0.0,Ai or ai,2025-11-14T11:06:30.000Z
https://www.tiktok.com/@jt_ufouapsightings/video/7569740266517712141,25,0.1293639999999999,0.836,"wow, awesome",2025-11-20T23:51:41.000Z,-0.7456,what the HELL,2025-11-07T04:32:17.000Z,0.0,Brain turned into an orb.,2025-11-07T00:50:04.000Z
https://www.tiktok.com/@obseeker/video/7525068290981383446,24,0.125836,0.9081,😂 bring it on let travel.. don’t want to pay taxes anymore.. 🤣🤣🤣,2025-08-16T01:32:02.000Z,-0.3412,This is not good,2025-07-17T03:27:07.000Z,0.0,But it says in the Bible in the last days there are signs in the skies,2025-07-10T10:28:14.000Z
https://www.tiktok.com/@milkblood/video/7246802617018469674,25,0.125556,0.891,Bruh 😂😂😂😂,2023-09-09T18:59:57.000Z,-0.5859,wtf bro 😳,2023-06-20T23:10:31.000Z,0.0,This is real,2023-06-20T18:43:21.000Z
https://www.tiktok.com/@miss_mars_97/video/7453247607779953953,25,0.125488,0.8834,"what if aliens are super super small like cells and they already visited the earth, and we evolve from them and technically we are the aliens",2025-11-08T09:43:42.000Z,-0.6497,guys they aren’t trying to say the sea angel is scary they’re just showing how even on our own planet the creatures dont look anything like a human,2025-07-25T09:38:41.000Z,0.0,I just realized that we all just assume aliens are in space... what if they're living alongside us and we don't notice hem because they look identical to us or are invisible,2025-04-16T22:34:03.000Z
https://www.tiktok.com/@alienimpact/video/7566730784061672726,25,0.121572,0.9766,Greetings humans✌✌✌We are all ready here✌✌✌💞,2025-10-29T21:15:45.000Z,-0.7269,"You can’t travel to a different planet and function with different gravity, atmospheric pressure and the mix of inhaled gases. Any being would die instantly.",2025-11-02T21:17:48.000Z,0.0,why is it blurred ( as usual ) ?,2025-10-29T22:42:09.000Z
https://www.tiktok.com/@dylan.page/video/7067847296091704582,25,0.121112,0.9716,🥰🥰🥰,2024-12-13T14:04:14.000Z,-0.765,"Covid, war and now ufos damn bro what’s next 💀",2022-02-25T11:26:15.000Z,0.0,Guys it’s just a fortnite crossover chill,2022-02-23T10:26:46.000Z
https://www.tiktok.com/@ufonomenon/video/7559542618699484438,24,0.1192559999999999,0.9877,😄😄😄😄😄😄es ia 😄,2025-10-10T11:54:46.000Z,-0.4927,I’m so tired of ai,2025-10-30T11:17:41.000Z,0.0,ai,2025-10-10T15:53:59.000Z
https://www.tiktok.com/@the_life_of_haley/video/7260579078951013674,25,0.113728,0.93,I'm laughing too😂😂😂😂,2025-05-16T20:52:05.000Z,-0.4767,what is wrong with you bro 💀,2023-08-02T08:56:48.000Z,0.0,I need some of whatever she's on 💀,2025-01-08T13:22:26.000Z
https://www.tiktok.com/@tannerz64/video/7217507598717717806,25,0.113328,0.969,💖💖💖😍,2024-11-26T06:19:58.000Z,-0.628,"IF YOU REALLY LOOK , IT LOOKS SUSPENDED FROM WIRES , NOTICE THE ROCKING OF THE LIGHT FORMATION !",2023-11-23T09:29:01.000Z,0.0,"Its starlink, a new thing elon musk did with spacex and they go in a line at 500 per hour",2023-08-01T08:38:50.000Z
https://www.tiktok.com/@princessthickforeigner/video/7537891027504581901,16,0.112304,0.9591,We never serious 😂😂😂😂😂 we joke about everything 🤣,2025-08-15T07:22:09.000Z,-0.7757,"What makes you think they were ""arrogant""? How does a person ""looks"" arrogant?",2025-08-17T15:49:46.000Z,0.0,Yall the Dutch told us abt this a long time ago. look up 1992 space movie,2025-08-14T18:22:47.000Z
https://www.tiktok.com/@thenevadatriangle/video/7569373449416756494,17,0.1117470588235294,0.9274,♥️♥️♥️,2025-11-08T00:51:06.000Z,-0.3291,Don’t know if anyone will believe me but I saw one of these for a few seconds in the sky it was the most ethereal looking being and was so white it was so pure looking and it sprawled out its wings then disappeared when I directly stared at it,2025-11-14T22:46:40.000Z,0.0,hologram,2025-11-07T16:45:24.000Z
https://www.tiktok.com/@ufotopia/video/7442788402732338465,25,0.108656,0.7906,I would love this to be true,2024-11-30T17:32:02.000Z,-0.7003,本当だったらすごい😱,2024-12-05T14:23:22.000Z,0.0,AI at Stonehenge u mean,2024-12-04T13:41:12.000Z
https://www.tiktok.com/@ufonomenon/video/7514993782069267734,25,0.107332,0.8885,χαχαχαχαααααααααααα😅😅😅😅😅,2025-06-14T11:07:09.000Z,-0.296,es un modelo de los antiguos y además la ITv no la tiene al día,2025-06-16T14:39:30.000Z,0.0,It’s going to happen folks,2025-06-15T13:49:33.000Z
https://www.tiktok.com/@ficheiroproibido/video/7570742391087435028,20,0.10704,0.7269,esa bacteria microscopica es interesante 🤣😂,2025-11-10T19:00:52.000Z,-0.296,"Que nasa?
Si esa cosa existiera la nasa nunca lo haria saber a todo el mundo si no a los altos rangos de su país",2025-11-12T05:12:45.000Z,0.0,bactéria vista pelo microscópio,2025-11-10T00:29:08.000Z
https://www.tiktok.com/@the_twilight_emporium/video/7246060234798550318,25,0.1064599999999999,0.836,lolz owl tree stump has clearly never been in a vegas back yard. there is waaaay too much greenery in that video 😆,2023-06-18T18:18:36.000Z,-0.8519,somebody go get their grampa 😭😭😭,2023-06-26T02:22:05.000Z,0.0,Can you debunk Roswell ufo incident?,2023-07-09T10:08:38.000Z
https://www.tiktok.com/@ufonomenon/video/7565135299785854230,24,0.106236,0.926,AI 😂😂😂😂😂,2025-10-29T11:50:17.000Z,-0.296,es IA no es Verdad.,2025-11-05T00:43:46.000Z,0.0,it looks real as there's shadow and besides that it can reflect the water waves beneath it.,2025-10-26T09:25:20.000Z
https://www.tiktok.com/@puredoller/video/7523322869825178935,25,0.10532,0.9716,Pleiadian Crafts 🥰🥰🥰,2025-07-07T07:30:38.000Z,-0.3612,Did the battery get drained while you were recording?,2025-07-04T23:49:04.000Z,0.0,this is real y'all not AI,2025-07-05T07:09:20.000Z
https://www.tiktok.com/@timthetech85/video/7407378945391250731,25,0.103144,0.9432,Och people.... You are so.......🤣🤣🤣🤣🤣,2025-10-23T20:31:57.000Z,-0.8442,it reminds me of the movie Hell Raiser. the female hell raiser chic,2025-11-18T05:34:18.000Z,0.0,your bear video looks more real,2025-10-14T03:45:47.000Z
https://www.tiktok.com/@cienciavideos/video/7556064060739947798,25,0.101372,0.9052,What is coming will come and pass but Our God of HOST will naver pass away. we will all see 2026 in peace and safe too 🙏🏿 ❤️type Amen if u believ.,2025-10-04T07:52:19.000Z,-0.8519,they are my Brothers from Kasoa😭😭😭,2025-10-02T20:35:07.000Z,0.0,Ohps!My Freinds Aliens Are Here Now On Earth.Amazing You Have Come Down On Earth.,2025-10-24T06:04:06.000Z
https://www.tiktok.com/@ufogod_/video/7569326406954437919,24,0.10004,0.891,Only in America 😂😂😂😂,2025-11-06T04:58:17.000Z,-0.5719,I hate ai,2025-11-18T03:00:50.000Z,0.0,this is real?,2025-11-06T00:14:56.000Z
https://www.tiktok.com/@itsweirdtime/video/7348967042223017258,25,0.099012,0.8217,I think it’s the military. they are so advanced with stuff that we don’t even know about.!! it’s amazing!!!!,2025-08-09T18:58:25.000Z,-0.8519,That thing flew so fast out of the water😭😭😭,2025-03-21T16:51:41.000Z,0.0,They were spot lighting a vessel floating out on the water... that's not a UFO,2025-11-11T16:36:07.000Z
https://www.tiktok.com/@staygroundead/video/7210576126253583658,25,0.094376,0.9265,Best commentary 👌 🤣,2025-11-16T14:40:11.000Z,-0.8519,“i don’t even know what a meteor is” 😭😭😭,2023-03-23T19:13:14.000Z,0.0,“ That’s another dimension right theaa ” 💀💀💀,2023-03-20T03:58:26.000Z
https://www.tiktok.com/@ufo_vnestrima/video/7565082254364511510,21,0.09426,0.9169,Bro the world is a simulation cuz why is our reality mimicking 5th Element. That’s the Fhloston Paradise space cruiser 😂😂😂,2025-10-25T15:23:27.000Z,-0.5423,isnt that thing supposed to be hauling ass?,2025-10-26T03:23:48.000Z,0.0,This is a microscopic image of something that lives within water,2025-10-25T15:34:18.000Z
https://www.tiktok.com/@unknown.ufo.world.ai/video/7456657218369244458,25,0.0906039999999999,0.926,gagal tah nyieun film teh teu daek ngapung😂😂😂😂😂,2025-01-11T05:41:54.000Z,-0.636,"E-UFO... wenn die Klimaanlage zulange an ist, fliegt das Ding nicht mehr!",2025-01-08T19:42:07.000Z,0.0,Motorlampe leuchtet,2025-03-03T05:42:00.000Z
https://www.tiktok.com/@incognitogamingtv/video/7498651649649446174,25,0.088492,0.6705,if there's something like that flying around I don't know why we still follow the law😎,2025-04-29T15:51:27.000Z,-0.4767,😭 I can't tell what's real anymore,2025-04-30T03:45:30.000Z,0.0,This is Al !!!,2025-04-29T16:49:38.000Z
https://www.tiktok.com/@entertainment.t.v1/video/7570373466289949983,24,0.084736,0.9578,Looks like a skin walker lol💚💚💚,2025-11-08T19:39:08.000Z,-0.8227,"Reason, 597 nothing good comes at night. Poor dogs are like I don’t know what the hell that is.",2025-11-15T22:18:44.000Z,0.0,I would fall over and pass if I saw this. Yikes!!!!!,2025-11-16T15:16:10.000Z
https://www.tiktok.com/@reza.lashes/video/7570216365903203598,18,0.084732,0.8481,"Sounds like a natural gas relief valve, do you have a gas well in tge valley?",2025-11-08T13:24:31.000Z,-0.4939,50 calls of wasted dispatchers time,2025-11-08T16:56:04.000Z,0.0,Mecha Godzilla coming we are cooked,2025-11-09T11:41:57.000Z
https://www.tiktok.com/@maxrebojr/video/7154887177883749678,25,0.0846119999999999,0.958,enserio es una cometa en forma de medusa aquí en República Dominicana eso es muy normal 🙆🏽‍♂️🤣🤣🤣🤣🤣,2025-06-10T16:58:38.000Z,-0.7003,guerra de dos mundos 😱,2025-06-08T12:40:23.000Z,0.0,es un cometa en forma de medusa 🤷,2025-06-07T22:01:09.000Z
https://www.tiktok.com/@pejesaurio69/video/7514680625454927146,25,0.083428,0.7003,it’s all the people learning how to astro project 😂😂,2025-06-16T00:08:17.000Z,-0.4023,And that's why we don't trust ai,2025-06-27T14:02:42.000Z,0.0,Blue beam,2025-06-14T03:13:32.000Z
https://www.tiktok.com/@arounthecorner_/video/7563112753339059486,21,0.0828879999999999,0.8271,AI😂😂😂👍,2025-10-25T01:45:57.000Z,-0.3612,they just took the word gullible out the dictionary,2025-10-21T15:41:22.000Z,0.0,Filmed with the brand new iPhone 17 Pro Max,2025-10-21T09:47:55.000Z
https://www.tiktok.com/@dailyufovideos/video/7485534441729740054,25,0.081564,0.686,where's the full footage? what happened with it? did it fly away? could u or did u follow it? did it just disappear? what? what happened with it? please! 😁,2025-03-31T21:51:00.000Z,-0.4019,that's a damn dementor. rare to see them in the light.,2025-03-31T07:01:57.000Z,0.0,Hahah!! UFOs only show in the USA … I guess they know we use ticktock,2025-03-25T20:18:37.000Z
https://www.tiktok.com/@fernandoivanoffgomes/video/7532840057502305558,23,0.081112,0.7184,Nämä ufot valmistetaan Joensuussa 😊,2025-07-30T14:09:15.000Z,-0.4767,Ufo 😭,2025-07-30T12:49:13.000Z,0.0,Imagine living in 2025 and has never heard of a zeppelin.,2025-08-01T11:24:28.000Z
https://www.tiktok.com/@abejareyina/video/7132646943066705198,24,0.0809559999999999,0.969,IT'S BURNED YO 😂😂😂😂😂😂😂😂,2022-08-17T04:52:09.000Z,-0.3597,I would be more worried about why there isn't a sun in the sky.,2025-02-08T23:43:15.000Z,0.0,reminds me of the movie “Nope”,2022-08-17T04:07:32.000Z
https://www.tiktok.com/@sybervisions_/video/7463453794286800135,25,0.080336,0.9413,😂😂se nota cuando hacen mal las cosas 😂😂😂😂👋🏻👆🏻,2025-09-08T04:37:44.000Z,-0.4767,The dude from Pixels 😭,2025-06-30T19:04:24.000Z,0.0,Ai jing,2025-10-10T22:19:11.000Z
https://www.tiktok.com/@the_darkentity/video/7526978115487272222,24,0.078268,0.5719,The answer to the question: “Do aliens celebrate Christmas too?”,2025-07-17T21:14:52.000Z,-0.5267,One day one of these are gonna be real and were all not gonna believe it because people are always lying so much about it,2025-07-17T06:08:48.000Z,0.0,we're so cooked man people will believe anything 🙄,2025-07-17T04:42:50.000Z
https://www.tiktok.com/@ufonomenon/video/7485448002564377878,25,0.076444,0.644,"Ndio mnasema,hivi vidude kabla hujafanya jambo chenyewe kimeshafahamu?😂sasa mbona hakijaamka kabla😂😂?",2025-03-25T11:09:52.000Z,-0.296,Dios quiera que ésto no esté pasando,2025-03-24T21:17:58.000Z,0.0,AI,2025-10-25T11:02:02.000Z
https://www.tiktok.com/@caspersight/video/7571152307824463127,25,0.075828,0.891,😂😂😂😂 travel's millions of light year's to stalk someone in a house 🏠 and bars stop them. ok,2025-11-11T17:37:01.000Z,-0.9061,"one night i had a similar experience, woke up in the middle of the night. a grey figure was walking into the bedroom in the dark, I was terrified, it looked very disturbing and moved in a stranger and sinister way. than I realised it was rhe ex-wife without her make up on.",2025-11-11T20:30:22.000Z,0.0,"What you see in this video,is US humans in the future, a cosmic event will make some humans evolve and some will die,so what you see is us from the future,not aliens from space,space means what you see around us...not what they told you.",2025-11-11T15:15:22.000Z
https://www.tiktok.com/@xashleyyniicole/video/7557877609833549111,15,0.0757399999999999,0.6369,❤,2025-10-23T01:16:43.000Z,-0.7351,🔥🔥🔥,2025-11-04T03:42:26.000Z,0.0,This is the real video but there was another where the portal showed,2025-10-16T10:51:30.000Z
https://www.tiktok.com/@voidtapes_x/video/7558064314196708630,18,0.072408,0.8271,😂😂😂,2025-10-08T21:13:53.000Z,-0.5574,Sigo sin creer en esto,2025-10-06T16:13:19.000Z,0.0,"real or cake 2020
real or ai 2025",2025-10-07T17:07:04.000Z
https://www.tiktok.com/@jesterlloyd/video/7403216191415749931,25,0.0717,0.836,Why is he shivering like that ? 🤣🤣,2024-12-01T06:36:40.000Z,-0.8402,It’s 2025 and it’s coming agian😢😢😓,2025-11-02T09:12:22.000Z,0.0,I’ve seen that exact thing and it kept disappearing and reappearing at,2025-09-29T23:13:55.000Z
https://www.tiktok.com/@vii_viig/video/7163103948478467370,23,0.070572,0.8625,that's the slowest UFO ever recorded so far🤣🤣🤣,2025-10-27T13:35:49.000Z,-0.6808,hell,2025-09-20T02:08:17.000Z,0.0,there's a jumpscare,2025-11-08T03:58:16.000Z
https://www.tiktok.com/@creepytales100/video/7467557675950361902,25,0.068996,0.926,parece una bola de discoteca de los 80 😂😂😂😂😂,2025-02-17T18:58:51.000Z,-0.4019,This is actually insane,2025-02-19T23:31:58.000Z,0.0,It’s the Italian UFO,2025-03-21T21:21:01.000Z
https://www.tiktok.com/@jennlynn323/video/7569288347953155359,25,0.068656,0.6963,well I googled if there were any rocket launches in that area in the last few days or so and there wasn't any. so GOD knows what's that. 🙏🏼,2025-11-06T05:44:09.000Z,-0.7922,They will tell you rocket launch but Im not that easily fooled. The lack of disclosure is maddening.,2025-11-07T02:53:26.000Z,0.0,Why isn't anyone saying portal?,2025-11-05T20:56:51.000Z
https://www.tiktok.com/@classictunedpro/video/7527186847856938253,25,0.062824,0.658,"This is amazing! I don't even have words, absolutely mind blowing! it is FLAMING",2025-07-16T15:30:42.000Z,-0.6499,that ain't no kite at all you saw what you saw 🔥🔥🔥,2025-07-16T01:38:11.000Z,0.0,100% It's a Kyubi,2025-07-17T03:17:09.000Z
https://www.tiktok.com/@virtmedia.films/video/7537846737340222775,25,0.062532,0.9968,"Mughal emperor
😅😅😅😅😅😅😅😅😅😅😅😅😅😅😅😅😅😅😅😅😅😅😅😅😅😅😅😅😅😅😅😅",2025-10-11T11:58:05.000Z,-0.5267,Ellos no son malos no se asusten.,2025-08-20T19:41:12.000Z,0.0,Is it real?,2025-08-22T12:24:40.000Z
https://www.tiktok.com/@izzat_5.01/video/7481461891672395054,25,0.061972,0.8591,Now great great grandpa I told u about cave diving,2025-03-16T02:49:35.000Z,-0.4939,Scary✖️cute✔,2025-10-20T12:18:54.000Z,0.0,Awawa,2025-10-20T01:40:41.000Z
https://www.tiktok.com/@alienslastnight/video/7569409346069744909,24,0.061952,0.5994,Test rockets maybe? They saw spiraling like that in Norway and it was determined to be test rockets,2025-11-06T07:46:03.000Z,-0.296,no zoom i guess,2025-11-09T16:59:07.000Z,0.0,This is my video!,2025-11-06T11:01:29.000Z
https://www.tiktok.com/@incognitogamingtv/video/7512382150780439838,25,0.06162,0.9106,хороший кинотеатр 👌🤣🤣,2025-06-06T12:45:44.000Z,-0.296,tuve esos sueños y se q son reales solo q no los vemos,2025-07-31T17:33:20.000Z,0.0,Its real that blue beam project,2025-06-07T21:12:18.000Z
https://www.tiktok.com/@miss_lisa_lopez/video/7522295940334619959,25,0.059108,0.8225,😂😅🤣 its smoke signals....,2025-07-03T23:45:48.000Z,-0.8225,"Guys when Jesus comes back, there will be stars falling out the sky, fire raining down on the world , the moon turning and staying red , eclipses that last days not minutes plus we still waiting the the 3rd temple the 12 tribes to come back to Israel and the Antichrist plus 10 years of hell before Jesus comes back",2025-07-05T02:24:21.000Z,0.0,So aliens are real,2025-07-04T17:25:30.000Z
https://www.tiktok.com/@slopguap/video/7562071929516068127,25,0.05728,0.7506,He just wanted a kitten 🤣🤣,2025-10-18T14:41:22.000Z,-0.4767,Fake sheet,2025-10-30T19:47:12.000Z,0.0,He needed a new catalytic converter,2025-11-15T14:51:22.000Z
https://www.tiktok.com/@magicmetamorph/video/7497250367307091222,25,0.05676,0.9118,😂😂😂😂😂😂CBC -Reporting live........,2025-04-27T20:35:11.000Z,-0.5267,wth,2025-04-29T17:23:48.000Z,0.0,If anyone thinks this is real.. your car extended warranty is about to expire…,2025-04-27T21:57:05.000Z
https://www.tiktok.com/@nicoleadams19800/video/7440754189199854894,25,0.050768,0.8201,I met a dude who’s eyes changed into black lines but nobody believes me he looked like my friend he was a doppelgänger,2024-11-25T06:19:30.000Z,-0.7845,"yall keep saying higher dimensions, if theyre evil n hurt us theyre lower dimension than us, lower beings.. u can fight them but not physically, spiritually",2024-11-24T19:05:47.000Z,0.0,Miami aliens was a hologram,2024-11-26T14:32:13.000Z
https://www.tiktok.com/@ufonomenon/video/7506133036153556246,24,0.049664,0.9432,"красивый снимок,один вопрос кто придумал так нарисовать инопланетян больше чем сама тарелка🤣🤣🤣🤣🤣",2025-06-19T19:25:13.000Z,-0.7003,This is a creature I've never seen before.😱,2025-08-28T02:45:53.000Z,0.0,Ai,2025-10-07T15:02:45.000Z
https://www.tiktok.com/@sagereon/video/7540244355328560391,20,0.043076,0.8074,I meet them yesterday🥰,2025-10-11T01:50:12.000Z,-0.4215,"I saw one, not aliens, but a saucer, but no one believes me",2025-09-20T14:19:54.000Z,0.0,But they don’t wanna meet me,2025-09-30T18:08:56.000Z
https://www.tiktok.com/@user88323447652263/video/7558455223044394295,20,0.042544,0.7579,Bro I literally follow this guy not the guy telling the story but the guy with the creature look on my TikTok frns and you'll see that I'm following him. 😏😅😅,2025-11-17T05:17:31.000Z,-0.802,Did not know we are mixing the upside down with the real fucking world my g I want a bmw x3m competition b4 I die man I don’t want to die to thiabshit,2025-10-09T14:09:28.000Z,0.0,Is this real?! or AI? It looks so real,2025-10-28T00:08:19.000Z
https://www.tiktok.com/@dailyufovideos/video/7535866963403427094,22,0.0415879999999999,0.7297,that's wild 👌,2025-09-03T11:51:49.000Z,-0.7701,está en camara lenta y aún así es rápido esa cosa!!! 😳😱,2025-08-22T05:29:39.000Z,0.0,My concern is the potential for the dog to fall down the hill.,2025-08-10T20:00:13.000Z
https://www.tiktok.com/@camryn__venom/video/7569026962841242910,23,0.041256,0.5423,my aunt recorded this too from bergen county Nj. when she tried sending me the video it was super blurry,2025-11-05T11:14:57.000Z,-0.6369,we are all doomed,2025-11-08T14:41:29.000Z,0.0,This is the aftermath of a rocket launch.,2025-11-07T22:07:41.000Z
https://www.tiktok.com/@cienciavideos/video/7559417379080523030,21,0.041228,0.7003,Akoa yi s3 ALATA samina 😂😂,2025-10-11T21:03:51.000Z,-0.7003,ほんとうなら怖い😱,2025-10-13T07:11:47.000Z,0.0,is this real,2025-10-10T10:59:10.000Z
https://www.tiktok.com/@zoomnboom/video/7506194199730048287,25,0.038568,0.6808,"😭😂😂😂 tell me you've never been around fish, with out telling me you've never been around fish",2025-06-09T06:05:49.000Z,-0.34,A school of fish in the ocean 😱🙄 if we’re shiny or actually shaped like 🛸 then I’d think 👽 either way cars made video worth it tho,2025-05-21T08:52:40.000Z,0.0,It’s a school of fish. It’s not a fucking alien.,2025-05-20T00:02:34.000Z
https://www.tiktok.com/@pennypincher1234/video/7537341578466037023,23,0.038436,0.9928,Ashkenazi Jews 😔😔😔😔. They are 🤣🤣🤣🤣🤣🤣🤣🤣🤣🤣🤣🤣🤣🤣🥲🤣,2025-11-05T19:03:56.000Z,-0.8519,empire?😭😭😭,2025-08-13T04:46:30.000Z,0.0,TR-3B Black Manta,2025-08-13T17:19:34.000Z
https://www.tiktok.com/@disishiphoptv/video/7515269414175001886,22,0.038124,0.8625,“Yall the aliens cominggggg”🤣🤣🤣,2025-06-18T23:02:44.000Z,-0.5859,it's a UFO foe real y'all 😂......it's not a UFO that's the Walmart parking lot light,2025-06-29T12:02:09.000Z,0.0,So nobody gonna talk about the black hole,2025-09-24T22:39:04.000Z
https://www.tiktok.com/@holoskypodcast/video/7374196903895944494,24,0.037796,0.8092,This is Amazing if it's real! I'm so ready for them for them,2024-05-29T17:59:04.000Z,-0.4767,so when we trip over nothing is it an alien foot. 😭,2024-11-14T15:08:45.000Z,0.0,Am I the only one that doesn’t see anything?,2024-09-04T06:35:41.000Z
https://www.tiktok.com/@curious_sam_/video/7321096960763743534,25,0.037288,0.875,😂😂😂 big fan of Messi,2024-01-10T07:13:24.000Z,-0.7533,?A big shadow?..🤔😲😬😬😬😬😬.......... My EX!!!..........🤣💀💀,2024-01-20T05:39:28.000Z,0.0,there was nothing?,2024-01-10T11:59:30.000Z
https://www.tiktok.com/@samat_l6/video/7538035454591978808,24,0.036288,0.6739,me encontré otro vídeo del mismo ovni abajo de este video XD,2025-08-13T17:04:11.000Z,-0.5267,Me preocupa que ya vi como 10 perspectivas diferentes y no sé si es real o no 💀,2025-08-13T16:26:16.000Z,0.0,Es una Nave de Estados Unidos se llama TR-3B,2025-08-13T17:20:45.000Z
https://www.tiktok.com/@darkmysteries8/video/7541844334967000342,21,0.03544,0.875,You sure it’s a laser line 😂😂😂,2025-08-24T10:22:08.000Z,-0.6705,Bro make a big mistake 😭,2025-08-25T09:58:09.000Z,0.0,[sticker],2025-10-18T18:07:39.000Z
https://www.tiktok.com/@myst3ryf0und/video/6979709237496745222,25,0.0343959999999999,0.5598,stranger things it was so true,2021-07-06T12:23:06.000Z,-0.5994,Have you seen Tomorrow War? 😳,2021-07-30T20:37:47.000Z,0.0,The ninja turtles￼,2021-07-08T18:35:59.000Z
https://www.tiktok.com/@crazyclips1582/video/7570440061750234399,19,0.03156,0.9537,"Wow, Wow! whatever it is, its Beautiful!❤",2025-11-09T21:15:01.000Z,-0.9081,ai is to real 😭😭😭😭,2025-11-14T01:29:59.000Z,0.0,CGI HOLOGRAMS PROJECT BLUE BEAM .,2025-11-10T13:46:11.000Z
https://www.tiktok.com/@twistedterrors_1/video/7542384288528977174,24,0.0299239999999999,0.9631,BRO THE GORG FOUND US!!!!🤣🤣🤣🤣✨✨✨,2025-11-21T19:45:12.000Z,-0.7184,Oh hell nah palpatine is coming,2025-11-21T12:51:43.000Z,0.0,what is ufo,2025-09-24T19:26:28.000Z
https://www.tiktok.com/@laclippa323/video/7531126169454890270,24,0.0288279999999999,0.8225,😂 how do we know how about alien looks like 🤭,2025-07-27T15:33:08.000Z,-0.8519,"I had the same thing happened to me and I saw it with my own eyes, but I was scared to tell anyone about it because they might say I’m a weirdo or I’m crazy and every Thursday night look just right of Northstar, you will see a unusual light move left to right and it had straight down to earth and I mean not slow I mean supersonic speed if you don’t believe me, go and look this Thursday",2025-08-03T23:50:53.000Z,0.0,a person in black clothes with 2 plastic bags full of groceries.,2025-07-29T01:53:02.000Z
https://www.tiktok.com/@anthonysanchez405/video/7404269140711623967,25,0.0284359999999999,0.953,Yes finally more accurate alien sightings 👏🏼👏🏼♥️♥️♥️WOOO THEY ARE OUT THERE!!!,2024-11-13T15:51:16.000Z,-0.4404,sorry if I was bothering yall,2024-10-13T04:42:53.000Z,0.0,"Someone ordered sunlight, you haven’t heard?",2024-08-24T23:20:18.000Z
https://www.tiktok.com/@actressjazzmonbaker/video/7268119534752632107,25,0.027724,0.5106,Our father in heaven,2023-08-17T22:33:00.000Z,-0.7269,They figured out how to make Teslas death ray weapon of the gods,2023-08-21T01:28:25.000Z,0.0,This was in Ft Myers in 2015-not a new picture,2023-08-21T01:54:34.000Z
https://www.tiktok.com/@lolondondior/video/7571357064082115870,24,0.0242439999999999,0.4954,Yall wanna see aliens so bad 😂😂😂,2025-11-15T08:35:32.000Z,-0.2263,They are stars that are old and they need to go so they lined up and then disappear for new starts can come in,2025-11-14T08:23:17.000Z,0.0,Nothing pmo more than seeing people believing in UFOs,2025-11-18T10:27:14.000Z
https://www.tiktok.com/@divinepisces444/video/7407535192686054687,25,0.023436,0.8795,I swear it’s getting more active. Stay safe love.,2024-08-27T00:22:04.000Z,-0.861,those screams sounds so terrifying 😭,2024-09-03T02:27:40.000Z,0.0,the frequency sounds is wild yo,2024-08-27T10:42:11.000Z
https://www.tiktok.com/@shanman9390/video/7571441254819499319,25,0.021388,0.8625,Authorities would be the LAST people i call🤣🤣🤣,2025-11-12T12:48:32.000Z,-0.8074,that guy that showed the video of a giant was threatened before he ended up dead,2025-11-12T07:41:52.000Z,0.0,ufo in woods,2025-11-12T14:19:02.000Z
https://www.tiktok.com/@larryknight_4ever/video/7201173643722820910,25,0.016296,0.5093,there's my tweezers ! 😁,2023-07-28T18:02:25.000Z,-0.6597,They killing us an ya don’t even see it,2023-04-28T16:27:31.000Z,0.0,That’s a plane dropping chem trails,2023-06-09T18:43:08.000Z
https://www.tiktok.com/@incognitogamingtv/video/7510160539884997919,25,0.013728,0.6369,No sabía que en México hablaban ese idioma 🤣🤣,2025-05-31T23:15:04.000Z,-0.5994,Die kommen auch nur nach Amerika,2025-05-31T05:06:42.000Z,0.0,ufo 2025 ultima hora,2025-06-04T00:21:22.000Z
https://www.tiktok.com/@burgerlifeworld/video/7410340919049800977,22,0.013156,0.8834,I'm single 😍🥰,2024-09-05T22:51:55.000Z,-0.9081,MAMAH TAKUTT 😭😭😭😭,2024-09-12T11:21:18.000Z,0.0,ARE U SINGLE?,2025-09-25T13:01:20.000Z
https://www.tiktok.com/@baymacsdad1/video/7510503852957814046,25,0.0039439999999999,0.9612,"🤣🤣🤣 so people go to concerts and all you see is a sea of mobile phones, aliens ""appear"" yet only one person films it and it just so happens to be one of the shortest video's ever made ! OK. 🤣🤣🤣",2025-07-17T13:07:03.000Z,-0.8666,AI is becoming a mess! Worse the FAKE NEWS,2025-06-01T16:00:08.000Z,0.0,It’s will smith,2025-07-15T23:38:21.000Z
https://www.tiktok.com/@polloai025/video/7507567883199827222,25,0.000496,0.8286,I love how only 1 guy is wearing a hazmat suit LOL,2025-08-13T01:48:37.000Z,-0.5563,So sick of AI,2025-08-03T13:31:53.000Z,0.0,Making a movie?,2025-08-10T18:59:36.000Z
https://www.tiktok.com/@vanessasvirtualdiary/video/7448157033607679278,25,0.000264,0.5023,"I live in CT. Obvi I’m following the recent current events in the sky, but 4 years ago I had 2 very very close up UFO encounters. Like, I saw every single solitary detail on them. It was life changing",2024-12-14T14:42:05.000Z,-0.8653,"This is getting crazy 😩😩😩 lights and electricity is starting to act really weird, and a lady posted a video of animals acting really weird. AND ALIEN voices talking thru radio.. what is happening",2024-12-14T15:40:30.000Z,0.0,Eversource about to mail them a bill,2024-12-15T22:44:14.000Z
https://www.tiktok.com/@ai.technology86/video/7571346024359349526,3,0.0,0.0,Show us real photos,2025-11-11T21:02:36.000Z,0.0,Show us real photos,2025-11-11T21:02:36.000Z,0.0,Show us real photos,2025-11-11T21:02:36.000Z
https://www.tiktok.com/@kantoni_1/video/7563869322574122248,1,0.0,0.0,ele queria comer o gato,2025-10-22T13:33:54.000Z,0.0,ele queria comer o gato,2025-10-22T13:33:54.000Z,0.0,ele queria comer o gato,2025-10-22T13:33:54.000Z
https://www.tiktok.com/@wixys_world/video/7571353580024663303,2,0.0,0.0,@LatinoLovecraftMTG,2025-11-11T12:41:19.000Z,0.0,@LatinoLovecraftMTG,2025-11-11T12:41:19.000Z,0.0,@LatinoLovecraftMTG,2025-11-11T12:41:19.000Z
https://www.tiktok.com/@bybueze/video/7538272597595786551,21,-0.00132,0.634,ive seen some stuff similar to this God Bless us all 🙏,2025-08-28T10:47:37.000Z,-0.5106,It’s a jet that broke the sound barrier,2025-08-20T20:07:58.000Z,0.0,I lived close to spacex. It’s a star link.,2025-08-16T15:10:25.000Z
https://www.tiktok.com/@trfhobby/video/7199846730014133547,25,-0.009836,0.6486,just a track car. They send them on little used tracks to help keep them clear.,2024-12-19T01:51:39.000Z,-0.5574,no one is driving the train😬,2024-08-22T17:51:54.000Z,0.0,You see that!?.. Me either..,2024-07-19T03:56:41.000Z
https://www.tiktok.com/@shogunmessiah/video/7570762552506846494,9,-0.0104777777777777,0.7608,That’s My Town a few months ago I seen something very interesting where Definitely here!!,2025-11-14T12:33:57.000Z,-0.4939,new York at some point will be under water and I think the same goes for east coast cities ....Russia is going to detonate a bomb in the ocean posidon,2025-11-13T00:46:45.000Z,0.0,the only reason everyone can se it at the same time is because earth is not round,2025-11-10T13:58:06.000Z
https://www.tiktok.com/@zisemaoyi14/video/7569587435194174734,10,-0.0206399999999999,0.5994,Too beautiful,2025-11-06T13:26:33.000Z,-0.9468,😱😱😱,2025-11-09T12:42:04.000Z,0.0,🙏,2025-11-08T01:04:41.000Z
https://www.tiktok.com/@baby_nugget_witch/video/7557795603644796191,22,-0.0213919999999999,0.891,that's a tarp 😂😂😂😂,2025-10-06T18:34:15.000Z,-0.8924,😱 have you been abducted? is that why there's no update?,2025-10-06T05:23:34.000Z,0.0,We can’t see from here!!!!,2025-10-13T04:51:52.000Z
https://www.tiktok.com/@aliensightings/video/6872618552168320262,15,-0.02278,0.5267,Awe they were just enjoying their day,2020-09-15T17:41:55.000Z,-0.9081,Who gon say it...... 🦅😭😭😭😭,2020-09-15T13:40:41.000Z,0.0,Bird,2020-09-15T13:29:53.000Z
https://www.tiktok.com/@larryknight_4ever/video/7061686011729890606,15,-0.0277639999999999,0.4926,Good one! Nearly got me,2022-07-13T12:06:29.000Z,-0.8159,AHh HELL NAH,2025-08-18T00:14:49.000Z,0.0,OMG I see water !!!!!!,2022-02-06T20:47:32.000Z
https://www.tiktok.com/@voidtapes_x/video/7556876673661111574,20,-0.028956,0.8271,lo bueno es que si se termina el mundo panamá va a ser el primero en enterarse 😂😂😂,2025-10-03T20:36:33.000Z,-0.5267,"No me quiero imaginar que esté en verdad sea real, y que se pudo evitar que llegara a ese tamaño, porque si sigue creciendo se comerá al planeta entero. 🙆‍♀️😟",2025-10-03T15:17:20.000Z,0.0,🗿,2025-10-03T06:30:01.000Z
https://www.tiktok.com/@marvel.updatess/video/7538001754647022855,23,-0.03224,0.875,They checking to make sure you have warranties on your cars and phones 😂😂😂,2025-11-20T18:08:26.000Z,-0.8555,It’s a UFO and the USA was trying to shoot a hell fire messile and it got shot in the Atlantic Ocean,2025-09-14T02:48:45.000Z,0.0,This is so obvious ai,2025-09-11T02:56:27.000Z
https://www.tiktok.com/@the_darkentity/video/7524373938315480351,24,-0.03232,0.4939,almost looks real🤣,2025-08-12T23:11:58.000Z,-0.6808,How the hell do the aliens built that,2025-08-01T22:22:54.000Z,0.0,blue beam project,2025-08-14T20:06:53.000Z
https://www.tiktok.com/@dubbpairrion/video/7570314785900809486,22,-0.03392,0.836,The only reason I can laugh is cause im ready lol,2025-11-08T22:33:20.000Z,-0.6981,There is a war going on above us!!! IFYKYK,2025-11-13T04:44:05.000Z,0.0,3I Atlas has arrived,2025-11-08T23:35:57.000Z
https://www.tiktok.com/@isonn_/video/7247015246374718766,25,-0.034196,0.7506,Why that things just happen in America 🤣🤣,2023-06-28T05:53:23.000Z,-0.5423,Nah that’s actually wild 😭💀,2023-06-28T07:26:47.000Z,0.0,That’s the submarine,2023-06-21T11:06:00.000Z
https://www.tiktok.com/@jatanas_moon_blade/video/7524239166922558750,24,-0.04156,0.4215,lol,2025-08-25T16:26:41.000Z,-0.5696,Sad!!,2025-08-17T05:03:22.000Z,0.0,just didn’t happen did it mate,2025-09-27T19:14:22.000Z
https://www.tiktok.com/@scottcwaring/video/7465392134422580485,25,-0.0428519999999999,0.7557,I have similar videos I just posted. I'm not sure what it is but it was like a purple laser shining at me. I made a tik tok just to try and figure out what's going on lol,2025-03-06T07:07:50.000Z,-0.5574,It is just a reflection of the laser from the plane also it is illegal to do this bc it blinds the pilot,2025-03-11T16:55:09.000Z,0.0,2/2 Povs unlocked,2025-09-12T00:32:33.000Z
https://www.tiktok.com/@dtjokmv.zeawi/video/7571436325421829389,4,-0.046375,0.4939,🤣,2025-11-13T07:39:29.000Z,-0.3612,So the experience pilots who witnessed this in person and radar are just all wrong…? I doubt it.,2025-11-11T16:57:23.000Z,0.0,👍👍👍,2025-11-11T14:00:50.000Z
https://www.tiktok.com/@cbsmornings/video/7548476383270407454,18,-0.0542239999999999,0.3612,Bounce - like a balloon 🎈,2025-09-10T16:48:57.000Z,-0.6808,What threat did the UFO impose? I seen a UFO over Sutro tower in SF 10:23am it was not a blob it was semi transparent with port hole windows .,2025-09-12T15:22:04.000Z,0.0,they will release anything but the Epstein files 🙄,2025-09-10T16:04:46.000Z
https://www.tiktok.com/@uioda0/video/7534702136970546487,25,-0.0637479999999999,0.7263,"I was on the phone with my best friend when this happened. She was screaming something's happening! then she started describing what she saw, the phone dropped. I wasn't able to get a hold of her for 4 hours. then men in suits showed up at her house",2025-08-12T18:50:56.000Z,-0.8581,"That's why we can't meet them yet. Total panic, chaos & fear on our part. I don't think I could remain calm seeing them.",2025-08-07T12:56:45.000Z,0.0,Go to macjohnson76637 page and look at his 17th video. It’s a video of the White House making a speech on the event. And called the unknown species “fitz”,2025-08-12T00:51:18.000Z
https://www.tiktok.com/@martin_espinosa_/video/7566283006290283794,23,-0.068064,0.4588,Me 😈,2025-11-13T12:44:29.000Z,-0.7552,Y’all talking bout aliens when y’all should be talking about Jesus He is coming back the signs are here we just have to see them and take heed to them thrum to Him now before it is too late. Jesus is real and so is hell. Believe me then to Jesus now while there is still time!!✝️,2025-11-07T01:29:03.000Z,0.0,Yall need to chill it’s the casino lights in prior lake,2025-11-07T01:05:16.000Z
https://www.tiktok.com/@ipablosantos/video/7551591657511062815,22,-0.075068,0.4215,lol,2025-09-19T00:35:56.000Z,-0.7783,"Oh hell, no bro I could tell it’s real",2025-09-19T21:57:01.000Z,0.0,Type shi my dad reposts,2025-09-20T00:24:03.000Z
https://www.tiktok.com/@pennypincher1234/video/7541791542202076447,17,-0.0911,0.4939,TR3B USA Space Force ✌,2025-08-23T20:13:08.000Z,-0.7213,DOES NO ONE REALLY NOTICE THIS IS AI 😭🙏,2025-08-24T09:38:55.000Z,0.0,It is TR-3B,2025-08-24T02:52:58.000Z
https://www.tiktok.com/@gygostudio/video/7521475973590584589,20,-0.143284,0.2732,Grown adults btw💔🥀🥀,2025-07-11T23:43:37.000Z,-0.7783,I’d hate to live next door they being to loud for a dam street light😭🙏,2025-07-12T14:52:21.000Z,0.0,How u never seen a dam floodlight before 💀,2025-07-13T03:57:55.000Z
https://www.tiktok.com/@iksovad/video/7535773358936313104,25,-0.227124,0.4404,Yeah everyone has phones yet no caught it on camera 😂,2025-08-11T06:50:28.000Z,-0.8074,"Personally, I don’t think it was some supernatural event, but I also don’t think it was 50-60 kids fighting either. With how people love recording fights, you mean to tell me NO ONE recorded a massive fight involving fireworks and 50-60 people? Come on now.",2025-08-26T15:44:02.000Z,0.0,This story went silent fast!,2025-08-11T17:37:01.000Z
https://www.tiktok.com/@sun_goddess91/video/7513763278867352878,2,-0.2288,0.0,Cloaked space craft.,2025-06-09T06:24:30.000Z,-0.4576,"Another day, another absolutely insane thing that happened",2025-06-09T12:49:44.000Z,0.0,Cloaked space craft.,2025-06-09T06:24:30.000Z
